epoch,log_dir,log_name,seconds
0,logs/heat_attr_case500,heat_attr_case500,28.519619
1,logs/heat_attr_case500,heat_attr_case500,9.72709
2,logs/heat_attr_case500,heat_attr_case500,9.840329
3,logs/heat_attr_case500,heat_attr_case500,9.843042
4,logs/heat_attr_case500,heat_attr_case500,9.861196
5,logs/heat_attr_case500,heat_attr_case500,9.57379
6,logs/heat_attr_case500,heat_attr_case500,9.955108
7,logs/heat_attr_case500,heat_attr_case500,9.76769
8,logs/heat_attr_case500,heat_attr_case500,9.880435
9,logs/heat_attr_case500,heat_attr_case500,9.784221
10,logs/heat_attr_case500,heat_attr_case500,9.782431
11,logs/heat_attr_case500,heat_attr_case500,9.60766
12,logs/heat_attr_case500,heat_attr_case500,9.945549
13,logs/heat_attr_case500,heat_attr_case500,9.786829
14,logs/heat_attr_case500,heat_attr_case500,9.893677
15,logs/heat_attr_case500,heat_attr_case500,9.875826
16,logs/heat_attr_case500,heat_attr_case500,9.616028
17,logs/heat_attr_case500,heat_attr_case500,9.80882
18,logs/heat_attr_case500,heat_attr_case500,9.923669
19,logs/heat_attr_case500,heat_attr_case500,9.90143
20,logs/heat_attr_case500,heat_attr_case500,9.910141
21,logs/heat_attr_case500,heat_attr_case500,9.614213
22,logs/heat_attr_case500,heat_attr_case500,9.909741
23,logs/heat_attr_case500,heat_attr_case500,9.910759
24,logs/heat_attr_case500,heat_attr_case500,9.91658
25,logs/heat_attr_case500,heat_attr_case500,9.911907
26,logs/heat_attr_case500,heat_attr_case500,9.794996
27,logs/heat_attr_case500,heat_attr_case500,9.620281
28,logs/heat_attr_case500,heat_attr_case500,9.9736
29,logs/heat_attr_case500,heat_attr_case500,9.799817
30,logs/heat_attr_case500,heat_attr_case500,9.908458
31,logs/heat_attr_case500,heat_attr_case500,9.809523
32,logs/heat_attr_case500,heat_attr_case500,9.621593
33,logs/heat_attr_case500,heat_attr_case500,9.93781
34,logs/heat_attr_case500,heat_attr_case500,9.92547
35,logs/heat_attr_case500,heat_attr_case500,9.923008
36,logs/heat_attr_case500,heat_attr_case500,9.996511
37,logs/heat_attr_case500,heat_attr_case500,9.626685
38,logs/heat_attr_case500,heat_attr_case500,9.983572
39,logs/heat_attr_case500,heat_attr_case500,9.935948
40,logs/heat_attr_case500,heat_attr_case500,9.808422
41,logs/heat_attr_case500,heat_attr_case500,9.917538
42,logs/heat_attr_case500,heat_attr_case500,9.636458
43,logs/heat_attr_case500,heat_attr_case500,10.008332
44,logs/heat_attr_case500,heat_attr_case500,9.82859
45,logs/heat_attr_case500,heat_attr_case500,9.922036
46,logs/heat_attr_case500,heat_attr_case500,9.935941
47,logs/heat_attr_case500,heat_attr_case500,9.631985
48,logs/heat_attr_case500,heat_attr_case500,9.926182
49,logs/heat_attr_case500,heat_attr_case500,9.828027
0,logs/heat_attr_case500_AC_fixed,heat_attr_case500_AC_fixed,14.011652
1,logs/heat_attr_case500_AC_fixed,heat_attr_case500_AC_fixed,9.842259
2,logs/heat_attr_case500_AC_fixed,heat_attr_case500_AC_fixed,9.956773
3,logs/heat_attr_case500_AC_fixed,heat_attr_case500_AC_fixed,10.07792
4,logs/heat_attr_case500_AC_fixed,heat_attr_case500_AC_fixed,9.861815
5,logs/heat_attr_case500_AC_fixed,heat_attr_case500_AC_fixed,9.689393
6,logs/heat_attr_case500_AC_fixed,heat_attr_case500_AC_fixed,10.156346
7,logs/heat_attr_case500_AC_fixed,heat_attr_case500_AC_fixed,9.885718
8,logs/heat_attr_case500_AC_fixed,heat_attr_case500_AC_fixed,9.88976
9,logs/heat_attr_case500_AC_fixed,heat_attr_case500_AC_fixed,10.122816
10,logs/heat_attr_case500_AC_fixed,heat_attr_case500_AC_fixed,9.894783
11,logs/heat_attr_case500_AC_fixed,heat_attr_case500_AC_fixed,9.709517
12,logs/heat_attr_case500_AC_fixed,heat_attr_case500_AC_fixed,9.900911
13,logs/heat_attr_case500_AC_fixed,heat_attr_case500_AC_fixed,10.019101
14,logs/heat_attr_case500_AC_fixed,heat_attr_case500_AC_fixed,10.014408
15,logs/heat_attr_case500_AC_fixed,heat_attr_case500_AC_fixed,10.079875
16,logs/heat_attr_case500_AC_fixed,heat_attr_case500_AC_fixed,9.722898
17,logs/heat_attr_case500_AC_fixed,heat_attr_case500_AC_fixed,10.013068
18,logs/heat_attr_case500_AC_fixed,heat_attr_case500_AC_fixed,10.020035
19,logs/heat_attr_case500_AC_fixed,heat_attr_case500_AC_fixed,10.025827
20,logs/heat_attr_case500_AC_fixed,heat_attr_case500_AC_fixed,10.092329
21,logs/heat_attr_case500_AC_fixed,heat_attr_case500_AC_fixed,9.718422
22,logs/heat_attr_case500_AC_fixed,heat_attr_case500_AC_fixed,10.025915
23,logs/heat_attr_case500_AC_fixed,heat_attr_case500_AC_fixed,10.03278
24,logs/heat_attr_case500_AC_fixed,heat_attr_case500_AC_fixed,10.028632
25,logs/heat_attr_case500_AC_fixed,heat_attr_case500_AC_fixed,9.893744
26,logs/heat_attr_case500_AC_fixed,heat_attr_case500_AC_fixed,10.106138
27,logs/heat_attr_case500_AC_fixed,heat_attr_case500_AC_fixed,9.927933
28,logs/heat_attr_case500_AC_fixed,heat_attr_case500_AC_fixed,10.034392
29,logs/heat_attr_case500_AC_fixed,heat_attr_case500_AC_fixed,10.041906
30,logs/heat_attr_case500_AC_fixed,heat_attr_case500_AC_fixed,9.916682
31,logs/heat_attr_case500_AC_fixed,heat_attr_case500_AC_fixed,10.129827
32,logs/heat_attr_case500_AC_fixed,heat_attr_case500_AC_fixed,9.938471
33,logs/heat_attr_case500_AC_fixed,heat_attr_case500_AC_fixed,10.063744
34,logs/heat_attr_case500_AC_fixed,heat_attr_case500_AC_fixed,10.054168
35,logs/heat_attr_case500_AC_fixed,heat_attr_case500_AC_fixed,10.105566
36,logs/heat_attr_case500_AC_fixed,heat_attr_case500_AC_fixed,9.925088
37,logs/heat_attr_case500_AC_fixed,heat_attr_case500_AC_fixed,9.9377
38,logs/heat_attr_case500_AC_fixed,heat_attr_case500_AC_fixed,10.045901
39,logs/heat_attr_case500_AC_fixed,heat_attr_case500_AC_fixed,10.051704
40,logs/heat_attr_case500_AC_fixed,heat_attr_case500_AC_fixed,10.104301
41,logs/heat_attr_case500_AC_fixed,heat_attr_case500_AC_fixed,9.928208
42,logs/heat_attr_case500_AC_fixed,heat_attr_case500_AC_fixed,9.953556
43,logs/heat_attr_case500_AC_fixed,heat_attr_case500_AC_fixed,10.073172
44,logs/heat_attr_case500_AC_fixed,heat_attr_case500_AC_fixed,10.06407
45,logs/heat_attr_case500_AC_fixed,heat_attr_case500_AC_fixed,9.906911
46,logs/heat_attr_case500_AC_fixed,heat_attr_case500_AC_fixed,10.141938
47,logs/heat_attr_case500_AC_fixed,heat_attr_case500_AC_fixed,9.98151
48,logs/heat_attr_case500_AC_fixed,heat_attr_case500_AC_fixed,10.067875
49,logs/heat_attr_case500_AC_fixed,heat_attr_case500_AC_fixed,10.06987
0,logs/heat_attr_case500_AL,heat_attr_case500_AL,17.803731
1,logs/heat_attr_case500_AL,heat_attr_case500_AL,9.795534
2,logs/heat_attr_case500_AL,heat_attr_case500_AL,9.882096
3,logs/heat_attr_case500_AL,heat_attr_case500_AL,10.022764
4,logs/heat_attr_case500_AL,heat_attr_case500_AL,9.909079
5,logs/heat_attr_case500_AL,heat_attr_case500_AL,9.806191
6,logs/heat_attr_case500_AL,heat_attr_case500_AL,10.084815
7,logs/heat_attr_case500_AL,heat_attr_case500_AL,9.838683
8,logs/heat_attr_case500_AL,heat_attr_case500_AL,9.714014
9,logs/heat_attr_case500_AL,heat_attr_case500_AL,9.898222
10,logs/heat_attr_case500_AL,heat_attr_case500_AL,9.731642
11,logs/heat_attr_case500_AL,heat_attr_case500_AL,9.551613
12,logs/heat_attr_case500_AL,heat_attr_case500_AL,9.951854
13,logs/heat_attr_case500_AL,heat_attr_case500_AL,9.909896
14,logs/heat_attr_case500_AL,heat_attr_case500_AL,9.75037
15,logs/heat_attr_case500_AL,heat_attr_case500_AL,9.87349
16,logs/heat_attr_case500_AL,heat_attr_case500_AL,9.575733
17,logs/heat_attr_case500_AL,heat_attr_case500_AL,9.972519
18,logs/heat_attr_case500_AL,heat_attr_case500_AL,9.929304
19,logs/heat_attr_case500_AL,heat_attr_case500_AL,10.115542
20,logs/heat_attr_case500_AL,heat_attr_case500_AL,10.183165
21,logs/heat_attr_case500_AL,heat_attr_case500_AL,9.996568
22,logs/heat_attr_case500_AL,heat_attr_case500_AL,9.754978
23,logs/heat_attr_case500_AL,heat_attr_case500_AL,9.764848
24,logs/heat_attr_case500_AL,heat_attr_case500_AL,9.931441
25,logs/heat_attr_case500_AL,heat_attr_case500_AL,9.908804
26,logs/heat_attr_case500_AL,heat_attr_case500_AL,9.772332
27,logs/heat_attr_case500_AL,heat_attr_case500_AL,9.7787
28,logs/heat_attr_case500_AL,heat_attr_case500_AL,9.895888
29,logs/heat_attr_case500_AL,heat_attr_case500_AL,9.885231
30,logs/heat_attr_case500_AL,heat_attr_case500_AL,9.906502
31,logs/heat_attr_case500_AL,heat_attr_case500_AL,9.764712
32,logs/heat_attr_case500_AL,heat_attr_case500_AL,9.787115
33,logs/heat_attr_case500_AL,heat_attr_case500_AL,9.930731
34,logs/heat_attr_case500_AL,heat_attr_case500_AL,9.900989
35,logs/heat_attr_case500_AL,heat_attr_case500_AL,9.880637
36,logs/heat_attr_case500_AL,heat_attr_case500_AL,9.957828
37,logs/heat_attr_case500_AL,heat_attr_case500_AL,9.578598
38,logs/heat_attr_case500_AL,heat_attr_case500_AL,9.884105
39,logs/heat_attr_case500_AL,heat_attr_case500_AL,9.884153
40,logs/heat_attr_case500_AL,heat_attr_case500_AL,9.904562
41,logs/heat_attr_case500_AL,heat_attr_case500_AL,9.779107
42,logs/heat_attr_case500_AL,heat_attr_case500_AL,9.797427
43,logs/heat_attr_case500_AL,heat_attr_case500_AL,9.898109
44,logs/heat_attr_case500_AL,heat_attr_case500_AL,9.895055
45,logs/heat_attr_case500_AL,heat_attr_case500_AL,9.89471
46,logs/heat_attr_case500_AL,heat_attr_case500_AL,9.784864
47,logs/heat_attr_case500_AL,heat_attr_case500_AL,9.784899
48,logs/heat_attr_case500_AL,heat_attr_case500_AL,9.903573
49,logs/heat_attr_case500_AL,heat_attr_case500_AL,9.907695
0,logs/heat_attr_case500_AL_AC_fixed,heat_attr_case500_AL_AC_fixed,13.872211
1,logs/heat_attr_case500_AL_AC_fixed,heat_attr_case500_AL_AC_fixed,9.952348
2,logs/heat_attr_case500_AL_AC_fixed,heat_attr_case500_AL_AC_fixed,10.134612
3,logs/heat_attr_case500_AL_AC_fixed,heat_attr_case500_AL_AC_fixed,10.241355
4,logs/heat_attr_case500_AL_AC_fixed,heat_attr_case500_AL_AC_fixed,10.197062
5,logs/heat_attr_case500_AL_AC_fixed,heat_attr_case500_AL_AC_fixed,9.797549
6,logs/heat_attr_case500_AL_AC_fixed,heat_attr_case500_AL_AC_fixed,10.51005
7,logs/heat_attr_case500_AL_AC_fixed,heat_attr_case500_AL_AC_fixed,9.970396
8,logs/heat_attr_case500_AL_AC_fixed,heat_attr_case500_AL_AC_fixed,10.342507
9,logs/heat_attr_case500_AL_AC_fixed,heat_attr_case500_AL_AC_fixed,10.256284
10,logs/heat_attr_case500_AL_AC_fixed,heat_attr_case500_AL_AC_fixed,10.147406
11,logs/heat_attr_case500_AL_AC_fixed,heat_attr_case500_AL_AC_fixed,9.773764
12,logs/heat_attr_case500_AL_AC_fixed,heat_attr_case500_AL_AC_fixed,10.478064
13,logs/heat_attr_case500_AL_AC_fixed,heat_attr_case500_AL_AC_fixed,10.115448
14,logs/heat_attr_case500_AL_AC_fixed,heat_attr_case500_AL_AC_fixed,10.143197
15,logs/heat_attr_case500_AL_AC_fixed,heat_attr_case500_AL_AC_fixed,10.158588
16,logs/heat_attr_case500_AL_AC_fixed,heat_attr_case500_AL_AC_fixed,9.805835
17,logs/heat_attr_case500_AL_AC_fixed,heat_attr_case500_AL_AC_fixed,10.090148
18,logs/heat_attr_case500_AL_AC_fixed,heat_attr_case500_AL_AC_fixed,10.10902
19,logs/heat_attr_case500_AL_AC_fixed,heat_attr_case500_AL_AC_fixed,10.146719
20,logs/heat_attr_case500_AL_AC_fixed,heat_attr_case500_AL_AC_fixed,10.171843
21,logs/heat_attr_case500_AL_AC_fixed,heat_attr_case500_AL_AC_fixed,9.783454
22,logs/heat_attr_case500_AL_AC_fixed,heat_attr_case500_AL_AC_fixed,10.092921
23,logs/heat_attr_case500_AL_AC_fixed,heat_attr_case500_AL_AC_fixed,10.147099
24,logs/heat_attr_case500_AL_AC_fixed,heat_attr_case500_AL_AC_fixed,10.140749
25,logs/heat_attr_case500_AL_AC_fixed,heat_attr_case500_AL_AC_fixed,10.206974
26,logs/heat_attr_case500_AL_AC_fixed,heat_attr_case500_AL_AC_fixed,10.191506
27,logs/heat_attr_case500_AL_AC_fixed,heat_attr_case500_AL_AC_fixed,9.807862
28,logs/heat_attr_case500_AL_AC_fixed,heat_attr_case500_AL_AC_fixed,10.145445
29,logs/heat_attr_case500_AL_AC_fixed,heat_attr_case500_AL_AC_fixed,10.145056
30,logs/heat_attr_case500_AL_AC_fixed,heat_attr_case500_AL_AC_fixed,10.188179
31,logs/heat_attr_case500_AL_AC_fixed,heat_attr_case500_AL_AC_fixed,10.191097
32,logs/heat_attr_case500_AL_AC_fixed,heat_attr_case500_AL_AC_fixed,9.796495
33,logs/heat_attr_case500_AL_AC_fixed,heat_attr_case500_AL_AC_fixed,10.128755
34,logs/heat_attr_case500_AL_AC_fixed,heat_attr_case500_AL_AC_fixed,10.148629
35,logs/heat_attr_case500_AL_AC_fixed,heat_attr_case500_AL_AC_fixed,10.163168
36,logs/heat_attr_case500_AL_AC_fixed,heat_attr_case500_AL_AC_fixed,10.193456
37,logs/heat_attr_case500_AL_AC_fixed,heat_attr_case500_AL_AC_fixed,9.817534
38,logs/heat_attr_case500_AL_AC_fixed,heat_attr_case500_AL_AC_fixed,10.121843
39,logs/heat_attr_case500_AL_AC_fixed,heat_attr_case500_AL_AC_fixed,10.151831
40,logs/heat_attr_case500_AL_AC_fixed,heat_attr_case500_AL_AC_fixed,10.181162
41,logs/heat_attr_case500_AL_AC_fixed,heat_attr_case500_AL_AC_fixed,10.202916
42,logs/heat_attr_case500_AL_AC_fixed,heat_attr_case500_AL_AC_fixed,9.998914
43,logs/heat_attr_case500_AL_AC_fixed,heat_attr_case500_AL_AC_fixed,9.916176
44,logs/heat_attr_case500_AL_AC_fixed,heat_attr_case500_AL_AC_fixed,10.133491
45,logs/heat_attr_case500_AL_AC_fixed,heat_attr_case500_AL_AC_fixed,10.183784
46,logs/heat_attr_case500_AL_AC_fixed,heat_attr_case500_AL_AC_fixed,10.181822
47,logs/heat_attr_case500_AL_AC_fixed,heat_attr_case500_AL_AC_fixed,10.004055
48,logs/heat_attr_case500_AL_AC_fixed,heat_attr_case500_AL_AC_fixed,9.923502
49,logs/heat_attr_case500_AL_AC_fixed,heat_attr_case500_AL_AC_fixed,10.183375
0,logs/heat_attr_case500_no_physics,heat_attr_case500_no_physics,19.532362
1,logs/heat_attr_case500_no_physics,heat_attr_case500_no_physics,9.683119
2,logs/heat_attr_case500_no_physics,heat_attr_case500_no_physics,9.621945
3,logs/heat_attr_case500_no_physics,heat_attr_case500_no_physics,9.567225
4,logs/heat_attr_case500_no_physics,heat_attr_case500_no_physics,9.685039
5,logs/heat_attr_case500_no_physics,heat_attr_case500_no_physics,9.341019
6,logs/heat_attr_case500_no_physics,heat_attr_case500_no_physics,9.715058
7,logs/heat_attr_case500_no_physics,heat_attr_case500_no_physics,9.564496
8,logs/heat_attr_case500_no_physics,heat_attr_case500_no_physics,9.559324
9,logs/heat_attr_case500_no_physics,heat_attr_case500_no_physics,9.539651
10,logs/heat_attr_case500_no_physics,heat_attr_case500_no_physics,9.566575
11,logs/heat_attr_case500_no_physics,heat_attr_case500_no_physics,9.72019
12,logs/heat_attr_case500_no_physics,heat_attr_case500_no_physics,9.642333
13,logs/heat_attr_case500_no_physics,heat_attr_case500_no_physics,9.614942
14,logs/heat_attr_case500_no_physics,heat_attr_case500_no_physics,9.521227
15,logs/heat_attr_case500_no_physics,heat_attr_case500_no_physics,9.496873
16,logs/heat_attr_case500_no_physics,heat_attr_case500_no_physics,9.701349
17,logs/heat_attr_case500_no_physics,heat_attr_case500_no_physics,9.66845
18,logs/heat_attr_case500_no_physics,heat_attr_case500_no_physics,9.592041
19,logs/heat_attr_case500_no_physics,heat_attr_case500_no_physics,9.307589
20,logs/heat_attr_case500_no_physics,heat_attr_case500_no_physics,9.703236
21,logs/heat_attr_case500_no_physics,heat_attr_case500_no_physics,9.689089
22,logs/heat_attr_case500_no_physics,heat_attr_case500_no_physics,9.624725
23,logs/heat_attr_case500_no_physics,heat_attr_case500_no_physics,9.609465
24,logs/heat_attr_case500_no_physics,heat_attr_case500_no_physics,9.306755
25,logs/heat_attr_case500_no_physics,heat_attr_case500_no_physics,9.747175
26,logs/heat_attr_case500_no_physics,heat_attr_case500_no_physics,9.708932
27,logs/heat_attr_case500_no_physics,heat_attr_case500_no_physics,9.656114
28,logs/heat_attr_case500_no_physics,heat_attr_case500_no_physics,9.443011
29,logs/heat_attr_case500_no_physics,heat_attr_case500_no_physics,9.548887
30,logs/heat_attr_case500_no_physics,heat_attr_case500_no_physics,9.72088
31,logs/heat_attr_case500_no_physics,heat_attr_case500_no_physics,9.67662
32,logs/heat_attr_case500_no_physics,heat_attr_case500_no_physics,9.635402
33,logs/heat_attr_case500_no_physics,heat_attr_case500_no_physics,9.430351
34,logs/heat_attr_case500_no_physics,heat_attr_case500_no_physics,9.545547
35,logs/heat_attr_case500_no_physics,heat_attr_case500_no_physics,9.731236
36,logs/heat_attr_case500_no_physics,heat_attr_case500_no_physics,9.690287
37,logs/heat_attr_case500_no_physics,heat_attr_case500_no_physics,9.425892
38,logs/heat_attr_case500_no_physics,heat_attr_case500_no_physics,9.700462
39,logs/heat_attr_case500_no_physics,heat_attr_case500_no_physics,9.523053
40,logs/heat_attr_case500_no_physics,heat_attr_case500_no_physics,9.657336
41,logs/heat_attr_case500_no_physics,heat_attr_case500_no_physics,9.636052
42,logs/heat_attr_case500_no_physics,heat_attr_case500_no_physics,9.456765
43,logs/heat_attr_case500_no_physics,heat_attr_case500_no_physics,9.547682
44,logs/heat_attr_case500_no_physics,heat_attr_case500_no_physics,9.751126
45,logs/heat_attr_case500_no_physics,heat_attr_case500_no_physics,9.697399
46,logs/heat_attr_case500_no_physics,heat_attr_case500_no_physics,9.475191
47,logs/heat_attr_case500_no_physics,heat_attr_case500_no_physics,9.658912
48,logs/heat_attr_case500_no_physics,heat_attr_case500_no_physics,9.530845
49,logs/heat_attr_case500_no_physics,heat_attr_case500_no_physics,9.702996
0,logs/heat_no_attr_case500_no_physics,heat_no_attr_case500_no_physics,23.677805
1,logs/heat_no_attr_case500_no_physics,heat_no_attr_case500_no_physics,9.401805
2,logs/heat_no_attr_case500_no_physics,heat_no_attr_case500_no_physics,9.164519
3,logs/heat_no_attr_case500_no_physics,heat_no_attr_case500_no_physics,9.392163
4,logs/heat_no_attr_case500_no_physics,heat_no_attr_case500_no_physics,9.030282
5,logs/heat_no_attr_case500_no_physics,heat_no_attr_case500_no_physics,9.33093
6,logs/heat_no_attr_case500_no_physics,heat_no_attr_case500_no_physics,9.148126
7,logs/heat_no_attr_case500_no_physics,heat_no_attr_case500_no_physics,9.25096
8,logs/heat_no_attr_case500_no_physics,heat_no_attr_case500_no_physics,9.184967
9,logs/heat_no_attr_case500_no_physics,heat_no_attr_case500_no_physics,9.214467
10,logs/heat_no_attr_case500_no_physics,heat_no_attr_case500_no_physics,9.421081
11,logs/heat_no_attr_case500_no_physics,heat_no_attr_case500_no_physics,8.87785
12,logs/heat_no_attr_case500_no_physics,heat_no_attr_case500_no_physics,9.528578
13,logs/heat_no_attr_case500_no_physics,heat_no_attr_case500_no_physics,9.208643
14,logs/heat_no_attr_case500_no_physics,heat_no_attr_case500_no_physics,9.241773
15,logs/heat_no_attr_case500_no_physics,heat_no_attr_case500_no_physics,9.222598
16,logs/heat_no_attr_case500_no_physics,heat_no_attr_case500_no_physics,9.259875
17,logs/heat_no_attr_case500_no_physics,heat_no_attr_case500_no_physics,9.046007
18,logs/heat_no_attr_case500_no_physics,heat_no_attr_case500_no_physics,9.360823
19,logs/heat_no_attr_case500_no_physics,heat_no_attr_case500_no_physics,9.244103
20,logs/heat_no_attr_case500_no_physics,heat_no_attr_case500_no_physics,9.095813
21,logs/heat_no_attr_case500_no_physics,heat_no_attr_case500_no_physics,9.373741
22,logs/heat_no_attr_case500_no_physics,heat_no_attr_case500_no_physics,9.372444
23,logs/heat_no_attr_case500_no_physics,heat_no_attr_case500_no_physics,9.206704
24,logs/heat_no_attr_case500_no_physics,heat_no_attr_case500_no_physics,9.230621
25,logs/heat_no_attr_case500_no_physics,heat_no_attr_case500_no_physics,9.493454
26,logs/heat_no_attr_case500_no_physics,heat_no_attr_case500_no_physics,9.079157
27,logs/heat_no_attr_case500_no_physics,heat_no_attr_case500_no_physics,9.396526
28,logs/heat_no_attr_case500_no_physics,heat_no_attr_case500_no_physics,9.260047
29,logs/heat_no_attr_case500_no_physics,heat_no_attr_case500_no_physics,9.091282
30,logs/heat_no_attr_case500_no_physics,heat_no_attr_case500_no_physics,9.368146
31,logs/heat_no_attr_case500_no_physics,heat_no_attr_case500_no_physics,9.200994
32,logs/heat_no_attr_case500_no_physics,heat_no_attr_case500_no_physics,9.565057
33,logs/heat_no_attr_case500_no_physics,heat_no_attr_case500_no_physics,8.906871
34,logs/heat_no_attr_case500_no_physics,heat_no_attr_case500_no_physics,9.538132
35,logs/heat_no_attr_case500_no_physics,heat_no_attr_case500_no_physics,9.070097
36,logs/heat_no_attr_case500_no_physics,heat_no_attr_case500_no_physics,9.295782
37,logs/heat_no_attr_case500_no_physics,heat_no_attr_case500_no_physics,9.219077
38,logs/heat_no_attr_case500_no_physics,heat_no_attr_case500_no_physics,9.404527
39,logs/heat_no_attr_case500_no_physics,heat_no_attr_case500_no_physics,9.210286
40,logs/heat_no_attr_case500_no_physics,heat_no_attr_case500_no_physics,9.500733
41,logs/heat_no_attr_case500_no_physics,heat_no_attr_case500_no_physics,8.900755
42,logs/heat_no_attr_case500_no_physics,heat_no_attr_case500_no_physics,9.332051
43,logs/heat_no_attr_case500_no_physics,heat_no_attr_case500_no_physics,9.219508
44,logs/heat_no_attr_case500_no_physics,heat_no_attr_case500_no_physics,9.442245
45,logs/heat_no_attr_case500_no_physics,heat_no_attr_case500_no_physics,9.067746
46,logs/heat_no_attr_case500_no_physics,heat_no_attr_case500_no_physics,9.4912
47,logs/heat_no_attr_case500_no_physics,heat_no_attr_case500_no_physics,9.065573
48,logs/heat_no_attr_case500_no_physics,heat_no_attr_case500_no_physics,9.286658
49,logs/heat_no_attr_case500_no_physics,heat_no_attr_case500_no_physics,9.422299
