epoch,log_dir,log_name,test_loss,train_loss,val_loss
0,logs/heat_attr_case500,heat_attr_case500,1.79889286,2.0122602,1.72316682
1,logs/heat_attr_case500,heat_attr_case500,1.35670972,2.11932921,1.34119749
2,logs/heat_attr_case500,heat_attr_case500,1.19974983,2.15666246,1.17662632
3,logs/heat_attr_case500,heat_attr_case500,0.95302802,1.92915857,0.90320802
4,logs/heat_attr_case500,heat_attr_case500,0.61188632,1.186692,0.52579945
5,logs/heat_attr_case500,heat_attr_case500,0.01058888,0.46132946,0.01058202
6,logs/heat_attr_case500,heat_attr_case500,0.01025963,0.86204344,0.01032649
7,logs/heat_attr_case500,heat_attr_case500,0.01024135,0.01031505,0.01030531
8,logs/heat_attr_case500,heat_attr_case500,0.01022806,0.01026555,0.01029933
9,logs/heat_attr_case500,heat_attr_case500,0.01022602,0.01025874,0.01029382
10,logs/heat_attr_case500,heat_attr_case500,0.01022388,0.01025494,0.01029055
11,logs/heat_attr_case500,heat_attr_case500,0.01022651,0.01025353,0.01028874
12,logs/heat_attr_case500,heat_attr_case500,0.01022467,0.01025405,0.01029703
13,logs/heat_attr_case500,heat_attr_case500,0.01022353,0.01025529,0.01029288
14,logs/heat_attr_case500,heat_attr_case500,0.01022724,0.01025669,0.01029579
15,logs/heat_attr_case500,heat_attr_case500,0.01022932,0.01025839,0.01029656
16,logs/heat_attr_case500,heat_attr_case500,0.01022986,0.0102599,0.01029758
17,logs/heat_attr_case500,heat_attr_case500,0.01023106,0.01026092,0.01030125
18,logs/heat_attr_case500,heat_attr_case500,0.0102285,0.01026134,0.01029634
19,logs/heat_attr_case500,heat_attr_case500,0.0102281,0.01026144,0.0102984
20,logs/heat_attr_case500,heat_attr_case500,0.01023025,0.01026085,0.01029972
21,logs/heat_attr_case500,heat_attr_case500,0.01022821,0.01026052,0.0103
22,logs/heat_attr_case500,heat_attr_case500,0.01022704,0.01025948,0.01029574
23,logs/heat_attr_case500,heat_attr_case500,0.0102305,0.01025862,0.01029664
24,logs/heat_attr_case500,heat_attr_case500,0.01022414,0.01025772,0.01029615
25,logs/heat_attr_case500,heat_attr_case500,0.01022707,0.01025693,0.01029399
26,logs/heat_attr_case500,heat_attr_case500,0.01022356,0.01025646,0.01029573
27,logs/heat_attr_case500,heat_attr_case500,0.0102285,0.01025545,0.01029724
28,logs/heat_attr_case500,heat_attr_case500,0.01022488,0.01025423,0.01029443
29,logs/heat_attr_case500,heat_attr_case500,0.01022246,0.01025311,0.01028962
30,logs/heat_attr_case500,heat_attr_case500,0.01022128,0.01025225,0.01029077
31,logs/heat_attr_case500,heat_attr_case500,0.01021968,0.01025165,0.01028939
32,logs/heat_attr_case500,heat_attr_case500,0.01022162,0.01025081,0.01028906
33,logs/heat_attr_case500,heat_attr_case500,0.01022048,0.01025,0.01029054
34,logs/heat_attr_case500,heat_attr_case500,0.01021665,0.01024907,0.01028867
35,logs/heat_attr_case500,heat_attr_case500,0.01021884,0.01024851,0.01028391
36,logs/heat_attr_case500,heat_attr_case500,0.01021578,0.01024767,0.01028306
37,logs/heat_attr_case500,heat_attr_case500,0.010213,0.01024691,0.01028703
38,logs/heat_attr_case500,heat_attr_case500,0.01021398,0.0102458,0.0102818
39,logs/heat_attr_case500,heat_attr_case500,0.01021119,0.0102448,0.01028298
40,logs/heat_attr_case500,heat_attr_case500,0.01021085,0.01024378,0.01028156
41,logs/heat_attr_case500,heat_attr_case500,0.010212,0.01024273,0.01028086
42,logs/heat_attr_case500,heat_attr_case500,0.01021245,0.01024196,0.0102797
43,logs/heat_attr_case500,heat_attr_case500,0.01020666,0.01024053,0.01027676
44,logs/heat_attr_case500,heat_attr_case500,0.01020794,0.01023993,0.01027909
45,logs/heat_attr_case500,heat_attr_case500,0.01020976,0.01023866,0.01027526
46,logs/heat_attr_case500,heat_attr_case500,0.01020676,0.01023737,0.01027687
47,logs/heat_attr_case500,heat_attr_case500,0.01020294,0.01023571,0.01027528
48,logs/heat_attr_case500,heat_attr_case500,0.01020929,0.01023443,0.01027401
49,logs/heat_attr_case500,heat_attr_case500,0.01020452,0.01023318,0.01026747
0,logs/heat_attr_case500_AC_fixed,heat_attr_case500_AC_fixed,1.49896741,1.88555837,1.4963218
1,logs/heat_attr_case500_AC_fixed,heat_attr_case500_AC_fixed,1.57980943,1.91018307,1.58966875
2,logs/heat_attr_case500_AC_fixed,heat_attr_case500_AC_fixed,1.55343711,1.75420976,1.55213308
3,logs/heat_attr_case500_AC_fixed,heat_attr_case500_AC_fixed,1.57581556,1.77254224,1.57547295
4,logs/heat_attr_case500_AC_fixed,heat_attr_case500_AC_fixed,1.56595778,1.5702194,1.56525731
5,logs/heat_attr_case500_AC_fixed,heat_attr_case500_AC_fixed,1.55592179,1.56028628,1.55509877
6,logs/heat_attr_case500_AC_fixed,heat_attr_case500_AC_fixed,1.54179311,1.54832006,1.5405153
7,logs/heat_attr_case500_AC_fixed,heat_attr_case500_AC_fixed,1.53467059,1.53880453,1.53383172
8,logs/heat_attr_case500_AC_fixed,heat_attr_case500_AC_fixed,1.52098167,1.52675653,1.51981723
9,logs/heat_attr_case500_AC_fixed,heat_attr_case500_AC_fixed,1.50468934,1.51052463,1.50338352
10,logs/heat_attr_case500_AC_fixed,heat_attr_case500_AC_fixed,1.59577513,1.62705624,1.59724891
11,logs/heat_attr_case500_AC_fixed,heat_attr_case500_AC_fixed,1.57884443,1.58386278,1.57835233
12,logs/heat_attr_case500_AC_fixed,heat_attr_case500_AC_fixed,1.57888258,1.57918394,1.57886505
13,logs/heat_attr_case500_AC_fixed,heat_attr_case500_AC_fixed,1.57849121,1.57853782,1.57854128
14,logs/heat_attr_case500_AC_fixed,heat_attr_case500_AC_fixed,1.57820666,1.57831621,1.57826376
15,logs/heat_attr_case500_AC_fixed,heat_attr_case500_AC_fixed,1.57792401,1.57803726,1.57797408
16,logs/heat_attr_case500_AC_fixed,heat_attr_case500_AC_fixed,1.5776912,1.57778108,1.57774806
17,logs/heat_attr_case500_AC_fixed,heat_attr_case500_AC_fixed,1.57746661,1.57756448,1.577528
18,logs/heat_attr_case500_AC_fixed,heat_attr_case500_AC_fixed,1.57722938,1.57733524,1.57728624
19,logs/heat_attr_case500_AC_fixed,heat_attr_case500_AC_fixed,1.57713223,1.57718909,1.57719982
20,logs/heat_attr_case500_AC_fixed,heat_attr_case500_AC_fixed,1.57700741,1.57706857,1.5770762
21,logs/heat_attr_case500_AC_fixed,heat_attr_case500_AC_fixed,1.57687438,1.57693803,1.57694244
22,logs/heat_attr_case500_AC_fixed,heat_attr_case500_AC_fixed,1.57673478,1.57680058,1.5768007
23,logs/heat_attr_case500_AC_fixed,heat_attr_case500_AC_fixed,1.57659376,1.57665694,1.57665181
24,logs/heat_attr_case500_AC_fixed,heat_attr_case500_AC_fixed,1.57643414,1.57650673,1.5765034
25,logs/heat_attr_case500_AC_fixed,heat_attr_case500_AC_fixed,1.57637262,1.57641077,1.57644248
26,logs/heat_attr_case500_AC_fixed,heat_attr_case500_AC_fixed,1.57628775,1.57633245,1.57636201
27,logs/heat_attr_case500_AC_fixed,heat_attr_case500_AC_fixed,1.57620931,1.57624722,1.57627916
28,logs/heat_attr_case500_AC_fixed,heat_attr_case500_AC_fixed,1.5761162,1.57615852,1.57618845
29,logs/heat_attr_case500_AC_fixed,heat_attr_case500_AC_fixed,1.57602239,1.57606626,1.57608771
30,logs/heat_attr_case500_AC_fixed,heat_attr_case500_AC_fixed,1.57592356,1.57597053,1.57599199
31,logs/heat_attr_case500_AC_fixed,heat_attr_case500_AC_fixed,1.57588065,1.57590961,1.57595503
32,logs/heat_attr_case500_AC_fixed,heat_attr_case500_AC_fixed,1.57583308,1.57586002,1.57590306
33,logs/heat_attr_case500_AC_fixed,heat_attr_case500_AC_fixed,1.57577693,1.57580674,1.57584965
34,logs/heat_attr_case500_AC_fixed,heat_attr_case500_AC_fixed,1.57571697,1.57575083,1.57579291
35,logs/heat_attr_case500_AC_fixed,heat_attr_case500_AC_fixed,1.57566345,1.57569349,1.57573068
36,logs/heat_attr_case500_AC_fixed,heat_attr_case500_AC_fixed,1.57560062,1.575634,1.57567048
37,logs/heat_attr_case500_AC_fixed,heat_attr_case500_AC_fixed,1.57557297,1.57559645,1.57565117
38,logs/heat_attr_case500_AC_fixed,heat_attr_case500_AC_fixed,1.57554531,1.57556605,1.57561612
39,logs/heat_attr_case500_AC_fixed,heat_attr_case500_AC_fixed,1.57550716,1.57553327,1.57558513
40,logs/heat_attr_case500_AC_fixed,heat_attr_case500_AC_fixed,1.57547414,1.57549977,1.57555091
41,logs/heat_attr_case500_AC_fixed,heat_attr_case500_AC_fixed,1.5754416,1.57546473,1.57551599
42,logs/heat_attr_case500_AC_fixed,heat_attr_case500_AC_fixed,1.57540751,1.57542908,1.57547915
43,logs/heat_attr_case500_AC_fixed,heat_attr_case500_AC_fixed,1.57538056,1.57540178,1.57545745
44,logs/heat_attr_case500_AC_fixed,heat_attr_case500_AC_fixed,1.57536066,1.57537878,1.57543588
45,logs/heat_attr_case500_AC_fixed,heat_attr_case500_AC_fixed,1.5753361,1.57535303,1.57540798
46,logs/heat_attr_case500_AC_fixed,heat_attr_case500_AC_fixed,1.57530761,1.57532644,1.57538176
47,logs/heat_attr_case500_AC_fixed,heat_attr_case500_AC_fixed,1.5752784,1.57529867,1.57535565
48,logs/heat_attr_case500_AC_fixed,heat_attr_case500_AC_fixed,1.57525849,1.57527041,1.5753268
49,logs/heat_attr_case500_AC_fixed,heat_attr_case500_AC_fixed,1.57522178,1.57524133,1.57528973
0,logs/heat_attr_case500_AL,heat_attr_case500_AL,0.11284523,0.41303486,0.11289869
1,logs/heat_attr_case500_AL,heat_attr_case500_AL,0.00872962,0.01487246,0.00880368
2,logs/heat_attr_case500_AL,heat_attr_case500_AL,0.00817732,0.00809404,0.00824106
3,logs/heat_attr_case500_AL,heat_attr_case500_AL,0.00798002,0.00779201,0.00805004
4,logs/heat_attr_case500_AL,heat_attr_case500_AL,0.00981407,0.00733718,0.00987852
5,logs/heat_attr_case500_AL,heat_attr_case500_AL,0.01022736,0.00704071,0.01028505
6,logs/heat_attr_case500_AL,heat_attr_case500_AL,0.0115588,0.00655818,0.01161372
7,logs/heat_attr_case500_AL,heat_attr_case500_AL,0.0075711,0.00597037,0.00762534
8,logs/heat_attr_case500_AL,heat_attr_case500_AL,0.00782605,0.00581938,0.00788641
9,logs/heat_attr_case500_AL,heat_attr_case500_AL,0.00929152,0.00562905,0.00935262
10,logs/heat_attr_case500_AL,heat_attr_case500_AL,0.01218818,0.00590735,0.01224748
11,logs/heat_attr_case500_AL,heat_attr_case500_AL,0.00669717,0.00520211,0.00674732
12,logs/heat_attr_case500_AL,heat_attr_case500_AL,0.00768218,0.00481289,0.00773944
13,logs/heat_attr_case500_AL,heat_attr_case500_AL,0.005742,0.00466694,0.00579538
14,logs/heat_attr_case500_AL,heat_attr_case500_AL,0.01136542,0.00460236,0.01140803
15,logs/heat_attr_case500_AL,heat_attr_case500_AL,0.00635186,0.00439999,0.00640368
16,logs/heat_attr_case500_AL,heat_attr_case500_AL,0.00713391,0.00427682,0.0071809
17,logs/heat_attr_case500_AL,heat_attr_case500_AL,0.0073646,0.00452848,0.00742931
18,logs/heat_attr_case500_AL,heat_attr_case500_AL,0.0080618,0.00422467,0.00811583
19,logs/heat_attr_case500_AL,heat_attr_case500_AL,0.00551849,0.00381633,0.00557202
20,logs/heat_attr_case500_AL,heat_attr_case500_AL,0.00919432,0.00450373,0.00925433
21,logs/heat_attr_case500_AL,heat_attr_case500_AL,0.00814941,0.00433631,0.00819808
22,logs/heat_attr_case500_AL,heat_attr_case500_AL,0.00475962,0.00407531,0.00481357
23,logs/heat_attr_case500_AL,heat_attr_case500_AL,0.00600581,0.00381367,0.00604997
24,logs/heat_attr_case500_AL,heat_attr_case500_AL,0.00653942,0.00359121,0.00660257
25,logs/heat_attr_case500_AL,heat_attr_case500_AL,0.00792867,0.0036793,0.0079776
26,logs/heat_attr_case500_AL,heat_attr_case500_AL,0.00621238,0.00358314,0.00627853
27,logs/heat_attr_case500_AL,heat_attr_case500_AL,0.00541067,0.00343842,0.00545075
28,logs/heat_attr_case500_AL,heat_attr_case500_AL,0.0053239,0.00331953,0.0053674
29,logs/heat_attr_case500_AL,heat_attr_case500_AL,0.00371015,0.00306992,0.00375072
30,logs/heat_attr_case500_AL,heat_attr_case500_AL,0.00441194,0.00290738,0.00444877
31,logs/heat_attr_case500_AL,heat_attr_case500_AL,0.00416831,0.00271469,0.00421753
32,logs/heat_attr_case500_AL,heat_attr_case500_AL,0.0029345,0.00272745,0.00297672
33,logs/heat_attr_case500_AL,heat_attr_case500_AL,0.00502843,0.00265532,0.0050369
34,logs/heat_attr_case500_AL,heat_attr_case500_AL,0.0049951,0.00255368,0.00502508
35,logs/heat_attr_case500_AL,heat_attr_case500_AL,0.00615565,0.002657,0.00621085
36,logs/heat_attr_case500_AL,heat_attr_case500_AL,0.00512874,0.00269433,0.00518836
37,logs/heat_attr_case500_AL,heat_attr_case500_AL,0.00374774,0.00248063,0.0037918
38,logs/heat_attr_case500_AL,heat_attr_case500_AL,0.01239698,0.0024542,0.01241873
39,logs/heat_attr_case500_AL,heat_attr_case500_AL,0.00246738,0.00252816,0.00250372
40,logs/heat_attr_case500_AL,heat_attr_case500_AL,0.00296502,0.00230226,0.00298758
41,logs/heat_attr_case500_AL,heat_attr_case500_AL,0.00229745,0.00226817,0.00233557
42,logs/heat_attr_case500_AL,heat_attr_case500_AL,0.00279904,0.00225193,0.00284719
43,logs/heat_attr_case500_AL,heat_attr_case500_AL,0.00292443,0.00223064,0.00297338
44,logs/heat_attr_case500_AL,heat_attr_case500_AL,0.0039594,0.00222004,0.00398156
45,logs/heat_attr_case500_AL,heat_attr_case500_AL,0.00350417,0.00223163,0.00353905
46,logs/heat_attr_case500_AL,heat_attr_case500_AL,0.00286623,0.00218677,0.00290815
47,logs/heat_attr_case500_AL,heat_attr_case500_AL,0.00616464,0.00239597,0.00622929
48,logs/heat_attr_case500_AL,heat_attr_case500_AL,0.00228068,0.00216975,0.0023153
49,logs/heat_attr_case500_AL,heat_attr_case500_AL,0.0022162,0.00211417,0.0022505
0,logs/heat_attr_case500_AL_AC_fixed,heat_attr_case500_AL_AC_fixed,0.09370385,0.40898386,0.09375034
1,logs/heat_attr_case500_AL_AC_fixed,heat_attr_case500_AL_AC_fixed,0.00945596,0.01743429,0.00952546
2,logs/heat_attr_case500_AL_AC_fixed,heat_attr_case500_AL_AC_fixed,0.00953148,0.00869875,0.00959655
3,logs/heat_attr_case500_AL_AC_fixed,heat_attr_case500_AL_AC_fixed,0.0106723,0.00817771,0.01074303
4,logs/heat_attr_case500_AL_AC_fixed,heat_attr_case500_AL_AC_fixed,0.00854216,0.0078135,0.00860891
5,logs/heat_attr_case500_AL_AC_fixed,heat_attr_case500_AL_AC_fixed,0.00940024,0.00751027,0.00946259
6,logs/heat_attr_case500_AL_AC_fixed,heat_attr_case500_AL_AC_fixed,0.0137558,0.00736721,0.01381846
7,logs/heat_attr_case500_AL_AC_fixed,heat_attr_case500_AL_AC_fixed,0.01136292,0.00738451,0.01142533
8,logs/heat_attr_case500_AL_AC_fixed,heat_attr_case500_AL_AC_fixed,0.01342092,0.00685206,0.01347601
9,logs/heat_attr_case500_AL_AC_fixed,heat_attr_case500_AL_AC_fixed,0.0088654,0.00653682,0.00891957
10,logs/heat_attr_case500_AL_AC_fixed,heat_attr_case500_AL_AC_fixed,0.00752356,0.0064387,0.00758015
11,logs/heat_attr_case500_AL_AC_fixed,heat_attr_case500_AL_AC_fixed,0.05303244,0.00589295,0.05307076
12,logs/heat_attr_case500_AL_AC_fixed,heat_attr_case500_AL_AC_fixed,0.01039532,0.0060233,0.01044583
13,logs/heat_attr_case500_AL_AC_fixed,heat_attr_case500_AL_AC_fixed,0.01462376,0.00532506,0.01465782
14,logs/heat_attr_case500_AL_AC_fixed,heat_attr_case500_AL_AC_fixed,0.01281883,0.00567422,0.01287894
15,logs/heat_attr_case500_AL_AC_fixed,heat_attr_case500_AL_AC_fixed,0.0073171,0.0050219,0.00737438
16,logs/heat_attr_case500_AL_AC_fixed,heat_attr_case500_AL_AC_fixed,0.00908889,0.0050985,0.00915396
17,logs/heat_attr_case500_AL_AC_fixed,heat_attr_case500_AL_AC_fixed,0.00802593,0.00473357,0.0080674
18,logs/heat_attr_case500_AL_AC_fixed,heat_attr_case500_AL_AC_fixed,0.01596076,0.0042872,0.01600241
19,logs/heat_attr_case500_AL_AC_fixed,heat_attr_case500_AL_AC_fixed,0.00692583,0.00463977,0.00697653
20,logs/heat_attr_case500_AL_AC_fixed,heat_attr_case500_AL_AC_fixed,0.02295073,0.00440857,0.02299651
21,logs/heat_attr_case500_AL_AC_fixed,heat_attr_case500_AL_AC_fixed,0.00797883,0.00435982,0.00803887
22,logs/heat_attr_case500_AL_AC_fixed,heat_attr_case500_AL_AC_fixed,0.03015053,0.00394262,0.03016157
23,logs/heat_attr_case500_AL_AC_fixed,heat_attr_case500_AL_AC_fixed,0.02377157,0.00405976,0.0237847
24,logs/heat_attr_case500_AL_AC_fixed,heat_attr_case500_AL_AC_fixed,0.00908709,0.00380006,0.0091499
25,logs/heat_attr_case500_AL_AC_fixed,heat_attr_case500_AL_AC_fixed,0.00808154,0.00367493,0.00811766
26,logs/heat_attr_case500_AL_AC_fixed,heat_attr_case500_AL_AC_fixed,0.00438773,0.00328446,0.00444521
27,logs/heat_attr_case500_AL_AC_fixed,heat_attr_case500_AL_AC_fixed,0.0044226,0.00315775,0.00444136
28,logs/heat_attr_case500_AL_AC_fixed,heat_attr_case500_AL_AC_fixed,0.00374089,0.00307012,0.00376197
29,logs/heat_attr_case500_AL_AC_fixed,heat_attr_case500_AL_AC_fixed,0.00375435,0.00293239,0.00378031
30,logs/heat_attr_case500_AL_AC_fixed,heat_attr_case500_AL_AC_fixed,0.01168826,0.00306463,0.01171241
31,logs/heat_attr_case500_AL_AC_fixed,heat_attr_case500_AL_AC_fixed,0.00479077,0.00315593,0.00482335
32,logs/heat_attr_case500_AL_AC_fixed,heat_attr_case500_AL_AC_fixed,0.00421881,0.00297383,0.00425635
33,logs/heat_attr_case500_AL_AC_fixed,heat_attr_case500_AL_AC_fixed,0.00526773,0.00294922,0.0053195
34,logs/heat_attr_case500_AL_AC_fixed,heat_attr_case500_AL_AC_fixed,0.00679161,0.00294506,0.00682734
35,logs/heat_attr_case500_AL_AC_fixed,heat_attr_case500_AL_AC_fixed,0.0028346,0.00283164,0.00286927
36,logs/heat_attr_case500_AL_AC_fixed,heat_attr_case500_AL_AC_fixed,0.00263626,0.00264503,0.002673
37,logs/heat_attr_case500_AL_AC_fixed,heat_attr_case500_AL_AC_fixed,0.00272163,0.00258919,0.00276236
38,logs/heat_attr_case500_AL_AC_fixed,heat_attr_case500_AL_AC_fixed,0.00258963,0.00255444,0.00262731
39,logs/heat_attr_case500_AL_AC_fixed,heat_attr_case500_AL_AC_fixed,0.00296202,0.0025291,0.00299844
40,logs/heat_attr_case500_AL_AC_fixed,heat_attr_case500_AL_AC_fixed,0.00337539,0.00258774,0.00340713
41,logs/heat_attr_case500_AL_AC_fixed,heat_attr_case500_AL_AC_fixed,0.00546444,0.00249757,0.00551521
42,logs/heat_attr_case500_AL_AC_fixed,heat_attr_case500_AL_AC_fixed,0.00391954,0.00246012,0.00395365
43,logs/heat_attr_case500_AL_AC_fixed,heat_attr_case500_AL_AC_fixed,0.0045634,0.0025582,0.00459721
44,logs/heat_attr_case500_AL_AC_fixed,heat_attr_case500_AL_AC_fixed,0.00342584,0.00248645,0.0034642
45,logs/heat_attr_case500_AL_AC_fixed,heat_attr_case500_AL_AC_fixed,0.00285147,0.00240198,0.00287459
46,logs/heat_attr_case500_AL_AC_fixed,heat_attr_case500_AL_AC_fixed,0.00244247,0.00235018,0.00247053
47,logs/heat_attr_case500_AL_AC_fixed,heat_attr_case500_AL_AC_fixed,0.00277009,0.00233397,0.00279444
48,logs/heat_attr_case500_AL_AC_fixed,heat_attr_case500_AL_AC_fixed,0.00260134,0.00232037,0.00262209
49,logs/heat_attr_case500_AL_AC_fixed,heat_attr_case500_AL_AC_fixed,0.00278588,0.00230177,0.00281575
0,logs/heat_attr_case500_no_physics,heat_attr_case500_no_physics,0.08795159,0.39147112,0.08801482
1,logs/heat_attr_case500_no_physics,heat_attr_case500_no_physics,0.00797468,0.01263221,0.0080467
2,logs/heat_attr_case500_no_physics,heat_attr_case500_no_physics,0.00719759,0.00722247,0.0072614
3,logs/heat_attr_case500_no_physics,heat_attr_case500_no_physics,0.00739112,0.00566812,0.00746007
4,logs/heat_attr_case500_no_physics,heat_attr_case500_no_physics,0.00456801,0.00480284,0.00461817
5,logs/heat_attr_case500_no_physics,heat_attr_case500_no_physics,0.00650056,0.0040282,0.00654773
6,logs/heat_attr_case500_no_physics,heat_attr_case500_no_physics,0.00525467,0.00340859,0.00529691
7,logs/heat_attr_case500_no_physics,heat_attr_case500_no_physics,0.00551266,0.00295245,0.00555789
8,logs/heat_attr_case500_no_physics,heat_attr_case500_no_physics,0.00562321,0.0026428,0.00567268
9,logs/heat_attr_case500_no_physics,heat_attr_case500_no_physics,0.00274462,0.00224769,0.00277484
10,logs/heat_attr_case500_no_physics,heat_attr_case500_no_physics,0.00491898,0.00192918,0.00495873
11,logs/heat_attr_case500_no_physics,heat_attr_case500_no_physics,0.00250163,0.00168189,0.0025311
12,logs/heat_attr_case500_no_physics,heat_attr_case500_no_physics,0.00234545,0.00160204,0.00237775
13,logs/heat_attr_case500_no_physics,heat_attr_case500_no_physics,0.00190573,0.00139645,0.00193705
14,logs/heat_attr_case500_no_physics,heat_attr_case500_no_physics,0.00152738,0.0013118,0.00155341
15,logs/heat_attr_case500_no_physics,heat_attr_case500_no_physics,0.00136245,0.00119754,0.00138677
16,logs/heat_attr_case500_no_physics,heat_attr_case500_no_physics,0.00160382,0.0011628,0.00162663
17,logs/heat_attr_case500_no_physics,heat_attr_case500_no_physics,0.00327039,0.00117752,0.00329558
18,logs/heat_attr_case500_no_physics,heat_attr_case500_no_physics,0.00216008,0.00109151,0.0021827
19,logs/heat_attr_case500_no_physics,heat_attr_case500_no_physics,0.00288921,0.00108658,0.00292022
20,logs/heat_attr_case500_no_physics,heat_attr_case500_no_physics,0.00134634,0.00104413,0.00136786
21,logs/heat_attr_case500_no_physics,heat_attr_case500_no_physics,0.00196825,0.00105798,0.00199801
22,logs/heat_attr_case500_no_physics,heat_attr_case500_no_physics,0.00140249,0.00099054,0.00142612
23,logs/heat_attr_case500_no_physics,heat_attr_case500_no_physics,0.00306289,0.00131247,0.0030921
24,logs/heat_attr_case500_no_physics,heat_attr_case500_no_physics,0.00130681,0.0009795,0.00132597
25,logs/heat_attr_case500_no_physics,heat_attr_case500_no_physics,0.00130253,0.0009381,0.00132669
26,logs/heat_attr_case500_no_physics,heat_attr_case500_no_physics,0.00103492,0.0009253,0.00105782
27,logs/heat_attr_case500_no_physics,heat_attr_case500_no_physics,0.00091311,0.00091411,0.00093613
28,logs/heat_attr_case500_no_physics,heat_attr_case500_no_physics,0.00122827,0.00090823,0.00125008
29,logs/heat_attr_case500_no_physics,heat_attr_case500_no_physics,0.00092356,0.00092133,0.00094675
30,logs/heat_attr_case500_no_physics,heat_attr_case500_no_physics,0.00097519,0.00089446,0.00099908
31,logs/heat_attr_case500_no_physics,heat_attr_case500_no_physics,0.00097262,0.00088598,0.00099427
32,logs/heat_attr_case500_no_physics,heat_attr_case500_no_physics,0.001348,0.00088682,0.0013708
33,logs/heat_attr_case500_no_physics,heat_attr_case500_no_physics,0.0010956,0.00087885,0.00111935
34,logs/heat_attr_case500_no_physics,heat_attr_case500_no_physics,0.00112047,0.0008583,0.00114301
35,logs/heat_attr_case500_no_physics,heat_attr_case500_no_physics,0.00086417,0.00085451,0.00088707
36,logs/heat_attr_case500_no_physics,heat_attr_case500_no_physics,0.00086827,0.00085226,0.00089282
37,logs/heat_attr_case500_no_physics,heat_attr_case500_no_physics,0.00094792,0.00085164,0.0009711
38,logs/heat_attr_case500_no_physics,heat_attr_case500_no_physics,0.0008661,0.00084949,0.00089047
39,logs/heat_attr_case500_no_physics,heat_attr_case500_no_physics,0.00088931,0.00084712,0.00091232
40,logs/heat_attr_case500_no_physics,heat_attr_case500_no_physics,0.00088668,0.00084569,0.00091089
41,logs/heat_attr_case500_no_physics,heat_attr_case500_no_physics,0.00107237,0.00084535,0.00109699
42,logs/heat_attr_case500_no_physics,heat_attr_case500_no_physics,0.00085807,0.00084011,0.00088173
43,logs/heat_attr_case500_no_physics,heat_attr_case500_no_physics,0.00090549,0.0008386,0.0009298
44,logs/heat_attr_case500_no_physics,heat_attr_case500_no_physics,0.00094415,0.00083814,0.00096801
45,logs/heat_attr_case500_no_physics,heat_attr_case500_no_physics,0.00095762,0.00083752,0.00098211
46,logs/heat_attr_case500_no_physics,heat_attr_case500_no_physics,0.00083085,0.00083644,0.00085402
47,logs/heat_attr_case500_no_physics,heat_attr_case500_no_physics,0.00086805,0.00083517,0.00089058
48,logs/heat_attr_case500_no_physics,heat_attr_case500_no_physics,0.00084362,0.00083438,0.00086669
49,logs/heat_attr_case500_no_physics,heat_attr_case500_no_physics,0.00095147,0.00083393,0.00097484
0,logs/heat_no_attr_case500_no_physics,heat_no_attr_case500_no_physics,0.01731675,0.27362105,0.01737892
1,logs/heat_no_attr_case500_no_physics,heat_no_attr_case500_no_physics,0.00676149,0.00807805,0.00682727
2,logs/heat_no_attr_case500_no_physics,heat_no_attr_case500_no_physics,0.00629483,0.00610506,0.0063513
3,logs/heat_no_attr_case500_no_physics,heat_no_attr_case500_no_physics,0.0056054,0.00515389,0.00565863
4,logs/heat_no_attr_case500_no_physics,heat_no_attr_case500_no_physics,0.03956861,0.00424624,0.03959305
5,logs/heat_no_attr_case500_no_physics,heat_no_attr_case500_no_physics,0.00374732,0.00330122,0.003785
6,logs/heat_no_attr_case500_no_physics,heat_no_attr_case500_no_physics,0.00433145,0.00268875,0.00436509
7,logs/heat_no_attr_case500_no_physics,heat_no_attr_case500_no_physics,0.0166539,0.00220102,0.01667497
8,logs/heat_no_attr_case500_no_physics,heat_no_attr_case500_no_physics,0.00266918,0.00206523,0.00269977
9,logs/heat_no_attr_case500_no_physics,heat_no_attr_case500_no_physics,0.00211473,0.00167347,0.00214462
10,logs/heat_no_attr_case500_no_physics,heat_no_attr_case500_no_physics,0.00211923,0.00144143,0.00215232
11,logs/heat_no_attr_case500_no_physics,heat_no_attr_case500_no_physics,0.00225293,0.00135343,0.0022859
12,logs/heat_no_attr_case500_no_physics,heat_no_attr_case500_no_physics,0.00180112,0.00125399,0.00183283
13,logs/heat_no_attr_case500_no_physics,heat_no_attr_case500_no_physics,0.001591,0.00122586,0.00162012
14,logs/heat_no_attr_case500_no_physics,heat_no_attr_case500_no_physics,0.00129567,0.00112765,0.00132472
15,logs/heat_no_attr_case500_no_physics,heat_no_attr_case500_no_physics,0.00246694,0.00111624,0.0024919
16,logs/heat_no_attr_case500_no_physics,heat_no_attr_case500_no_physics,0.00162443,0.00109448,0.00165529
17,logs/heat_no_attr_case500_no_physics,heat_no_attr_case500_no_physics,0.00175886,0.00112525,0.00177908
18,logs/heat_no_attr_case500_no_physics,heat_no_attr_case500_no_physics,0.00171344,0.00112838,0.00174313
19,logs/heat_no_attr_case500_no_physics,heat_no_attr_case500_no_physics,0.0019498,0.00101287,0.00197016
20,logs/heat_no_attr_case500_no_physics,heat_no_attr_case500_no_physics,0.00129174,0.00100729,0.00132184
21,logs/heat_no_attr_case500_no_physics,heat_no_attr_case500_no_physics,0.00201214,0.00100643,0.00203765
22,logs/heat_no_attr_case500_no_physics,heat_no_attr_case500_no_physics,0.0013911,0.00099752,0.00141809
23,logs/heat_no_attr_case500_no_physics,heat_no_attr_case500_no_physics,0.00409471,0.00098919,0.0041149
24,logs/heat_no_attr_case500_no_physics,heat_no_attr_case500_no_physics,0.00106714,0.00095743,0.00109177
25,logs/heat_no_attr_case500_no_physics,heat_no_attr_case500_no_physics,0.00124339,0.00095896,0.00127215
26,logs/heat_no_attr_case500_no_physics,heat_no_attr_case500_no_physics,0.00133651,0.00096463,0.00136465
27,logs/heat_no_attr_case500_no_physics,heat_no_attr_case500_no_physics,0.00121546,0.00093518,0.00124205
28,logs/heat_no_attr_case500_no_physics,heat_no_attr_case500_no_physics,0.0012979,0.00094784,0.00132329
29,logs/heat_no_attr_case500_no_physics,heat_no_attr_case500_no_physics,0.0009923,0.00092781,0.00101719
30,logs/heat_no_attr_case500_no_physics,heat_no_attr_case500_no_physics,0.00108853,0.00094642,0.00111046
31,logs/heat_no_attr_case500_no_physics,heat_no_attr_case500_no_physics,0.00132844,0.00091406,0.0013525
32,logs/heat_no_attr_case500_no_physics,heat_no_attr_case500_no_physics,0.0022714,0.00093414,0.00230798
33,logs/heat_no_attr_case500_no_physics,heat_no_attr_case500_no_physics,0.00107862,0.00090197,0.00110623
34,logs/heat_no_attr_case500_no_physics,heat_no_attr_case500_no_physics,0.00115584,0.00090784,0.00118018
35,logs/heat_no_attr_case500_no_physics,heat_no_attr_case500_no_physics,0.00131868,0.00091035,0.00134381
36,logs/heat_no_attr_case500_no_physics,heat_no_attr_case500_no_physics,0.00095763,0.0008728,0.00098064
37,logs/heat_no_attr_case500_no_physics,heat_no_attr_case500_no_physics,0.0008946,0.00086674,0.00091846
38,logs/heat_no_attr_case500_no_physics,heat_no_attr_case500_no_physics,0.00090483,0.00086385,0.00092906
39,logs/heat_no_attr_case500_no_physics,heat_no_attr_case500_no_physics,0.00091625,0.00086213,0.0009395
40,logs/heat_no_attr_case500_no_physics,heat_no_attr_case500_no_physics,0.00087394,0.00085993,0.00089983
41,logs/heat_no_attr_case500_no_physics,heat_no_attr_case500_no_physics,0.00090094,0.00085869,0.00092683
42,logs/heat_no_attr_case500_no_physics,heat_no_attr_case500_no_physics,0.00101306,0.00085778,0.00103676
43,logs/heat_no_attr_case500_no_physics,heat_no_attr_case500_no_physics,0.00091648,0.00085585,0.00093973
44,logs/heat_no_attr_case500_no_physics,heat_no_attr_case500_no_physics,0.0010984,0.00085661,0.0011257
45,logs/heat_no_attr_case500_no_physics,heat_no_attr_case500_no_physics,0.0010091,0.00085542,0.00103234
46,logs/heat_no_attr_case500_no_physics,heat_no_attr_case500_no_physics,0.00091742,0.00085394,0.0009411
47,logs/heat_no_attr_case500_no_physics,heat_no_attr_case500_no_physics,0.00089707,0.00084599,0.00091893
48,logs/heat_no_attr_case500_no_physics,heat_no_attr_case500_no_physics,0.0008605,0.00084476,0.00088256
49,logs/heat_no_attr_case500_no_physics,heat_no_attr_case500_no_physics,0.00089721,0.00084415,0.00091945
